Cliente Ordine ,Ragione Sociale ,Partita iva,Codice ateco,Codice ATECO 2025,Descrizione ATECO 2025,Codice ATECO Primario,Descrizione ATECO Primario
4,MULTI  DATA  SRL,02223460367,,62.1,Attività di programmazione informatica,62,"PRODUZIONE DI SOFTWARE, CONSULENZA INFORMATICA E ATTIVITÀ CONNESSE"
12,FIMO  SPA  - SOCIO  UNIC,03746700362,,46.64.99,Commercio all'ingrosso di altri macchinari e attrezzature varie n.c.a.,46.69.99,"Commercio all'ingrosso di altre macchine ed attrezzature per l'industria, il commercio e la navigazione n.c.a."
13,AUTEL SRL,00963880364,,27.12,Fabbricazione di apparecchiature per la distribuzione e il controllo dell'elettricità,27.12,Fabbricazione di apparecchiature per le reti di distribuzione e il controllo dell'elettricità
15,BELLONI IMPIANTI ELETTRI,02728771201,,43.21.01,Installazione di impianti di illuminazione e fotovoltaici in edifici,43.21.01,Installazione di impianti elettrici in edifici o in altre opere di costruzione (inclusa manutenzione e riparazione)
16,BCR  SRL,00310650361,,46.64.2,Commercio all'ingrosso di materiale elettrico per impianti industriali,46.69.2,Commercio all'ingrosso di materiale elettrico per impianti di uso industriale
17,POLEX DI STEFANO  GATTIC,05025640961,,28.96,Fabbricazione di macchine per l'industria delle materie plastiche e della gomma,28.96,Fabbricazione di macchine per l'industria delle materie plastiche e della gomma (incluse parti e accessori)
20,LINEA CITTA'    SRL,02222670404,,28.29.99,Fabbricazione di altre macchine varie di impiego generale n.c.a.,28.29.99,Fabbricazione di altro materiale meccanico e di altre macchine di impiego generale n.c.a.
21,TGM  SRL,01265230068,,29.31,Fabbricazione di apparecchiature elettriche ed elettroniche per autoveicoli,29.31,Fabbricazione di apparecchiature elettriche ed elettroniche per autoveicoli e loro motori
24,PROSAGRI SRL,01504900356,,28.30.99,Fabbricazione di altre macchine per l'agricoltura e la silvicoltura n.c.a.,28.30.9,"Fabbricazione di altre macchine per l'agricoltura, la silvicoltura e la zootecnia"
33,NEW  PROJECT  SRL,03555720402,,28.4,Fabbricazione di macchine per la deformazione dei metalli e di altre macchine utensili,28.4,FABBRICAZIONE DI MACCHINE PER LA FORMATURA DEI METALLI E DI ALTRE MACCHINE UTENSILI
34,DUEFFE SRL,00111540423,,28.4,Fabbricazione di macchine per la deformazione dei metalli e di altre macchine utensili,28.4,FABBRICAZIONE DI MACCHINE PER LA FORMATURA DEI METALLI E DI ALTRE MACCHINE UTENSILI
39,ELFI SPA     (51),02698210404,,46.47.3,"Commercio all'ingrosso di articoli per l'illuminazione per la casa, l'ufficio e i negozi",46.47.3,Commercio all'ingrosso di articoli per l'illuminazione; materiale elettrico vario per uso domestico
49,ROSSI AMUSEMENT SRLS,04756360402,,95.10.1,Riparazione e manutenzione di computer e periferiche,95.11,Riparazione di computer e periferiche
50,VALMET TISSUE CONVERTING,00145160461,,28.95,Fabbricazione di macchine per l'industria della carta e del cartone,28.95,Fabbricazione di macchine per l'industria della carta e del cartone (incluse parti e accessori)
55,NEW STERN  INTERNATIONAL,03444401206,,28.22.09,Fabbricazione di altri apparecchi di sollevamento e movimentazione,28.22.02,"Fabbricazione di gru, argani, verricelli a mano e a motore, carrelli trasbordatori, carrelli elevatori e piattaforme girevoli"
62,ELETTROTECNICA IMOLESE,00593581200,,33.20.09,Installazione di altre macchine e apparecchiature industriali,33.20.09,Installazione di altre macchine ed apparecchiature industriali
70,SPARES SERVICE & MACHINE,00833431208,,28.29.3,"Fabbricazione di macchine per la dosatura, la confezione e per l'imballaggio",28.29.3,"Fabbricazione di macchine automatiche per la dosatura, la confezione e per l'imballaggio (incluse parti e accessori)"
72,ARMAROLI GIANCARLO,03979000373,,47.12,Commercio al dettaglio non specializzato di altri prodotti,47.89,Commercio al dettaglio ambulante di altri prodotti
73,SWISSLOG ITALIA SRL,13406690159,,71.12.1,Attività di ingegneria,71.12.1,Attività degli studi di ingegneria
75,ELETTRICA 77 AUTOMATION,01808570350,,27.90.09,Fabbricazione di altre apparecchiature elettriche n.c.a.,27.90.09,Fabbricazione di altre apparecchiature elettriche n.c.a.
81,MARCHESINI GROUP  SPA,00680201209,,28.2,Fabbricazione di altre macchine di impiego generale,28.2,FABBRICAZIONE DI ALTRE MACCHINE DI IMPIEGO GENERALE
87,EMIREL  SRL,00591641204,,27.90.09,Fabbricazione di altre apparecchiature elettriche n.c.a.,27.90.09,Fabbricazione di altre apparecchiature elettriche n.c.a.
89,EL.COM  SRL,02203590985,,29.31,Fabbricazione di apparecchiature elettriche ed elettroniche per autoveicoli,29.31,Fabbricazione di apparecchiature elettriche ed elettroniche per autoveicoli e loro motori
97,FEAB SISTEMI SRL,02797250368,,43.21.01,Installazione di impianti di illuminazione e fotovoltaici in edifici,43.21.01,Installazione di impianti elettrici in edifici o in altre opere di costruzione (inclusa manutenzione e riparazione)
103,FORONI IVAN E C. SNC,02304360353,,43.21.01,Installazione di impianti di illuminazione e fotovoltaici in edifici,43.21.01,Installazione di impianti elettrici in edifici o in altre opere di costruzione (inclusa manutenzione e riparazione)
106,FABBI IMOLA SRL,00574281200,,46.64.2,Commercio all'ingrosso di materiale elettrico per impianti industriali,46.69.2,Commercio all'ingrosso di materiale elettrico per impianti di uso industriale
111,I.M.A. SPA,00500931209,,28.29.3,"Fabbricazione di macchine per la dosatura, la confezione e per l'imballaggio",28.29.3,"Fabbricazione di macchine automatiche per la dosatura, la confezione e per l'imballaggio (incluse parti e accessori)"
114,G.A.  SRL,00646481200,,27.90.09,Fabbricazione di altre apparecchiature elettriche n.c.a.,27.90.09,Fabbricazione di altre apparecchiature elettriche n.c.a.
115,G.D.  SPA            - C,02075320370,,28.29.3,"Fabbricazione di macchine per la dosatura, la confezione e per l'imballaggio",28.29.3,"Fabbricazione di macchine automatiche per la dosatura, la confezione e per l'imballaggio (incluse parti e accessori)"
120,V.A.M.M.S. TECNICA  SRL,01492250384,,28.96,Fabbricazione di macchine per l'industria delle materie plastiche e della gomma,28.96,Fabbricazione di macchine per l'industria delle materie plastiche e della gomma (incluse parti e accessori)
122,G.R. ELETTRONICA SRL,01246100398,,26.12,Fabbricazione di schede elettroniche integrate,26.12,Fabbricazione di schede elettroniche assemblate
125,ICA SPA,03452680378,,28.29.3,"Fabbricazione di macchine per la dosatura, la confezione e per l'imballaggio",28.29.3,"Fabbricazione di macchine automatiche per la dosatura, la confezione e per l'imballaggio (incluse parti e accessori)"
126,T.H.F. SRL - SOCIETA' UN,00851340349,,None,,28.96,
133,IMAL SRL,00313750366,,28.42,Fabbricazione di altre macchine utensili,28.49.09,Fabbricazione di altre macchine utensili (incluse parti e accessori) n.c.a.
134,ITALPACK SRL,01457530408,,28.29.3,"Fabbricazione di macchine per la dosatura, la confezione e per l'imballaggio",28.29.3,"Fabbricazione di macchine automatiche per la dosatura, la confezione e per l'imballaggio (incluse parti e accessori)"
135,M & T SRL,03342140401,,26.60.01,"Fabbricazione di apparecchiature per irradiazione, elettromedicali ed elettroterapeutiche per usi medici",26.60.02,Fabbricazione di apparecchi elettromedicali (incluse parti staccate e accessori)
136,RAIMONDI SPA,01496460369,,28.92,"Fabbricazione di macchine da miniera, cava e cantiere",28.92.09,"Fabbricazione di altre macchine da miniera, cava e cantiere (incluse parti e accessori)"
139,LOGEL  SRL  C/UNICO SOCI,02198670362,,33.20.03,Installazione di strumenti e apparecchi di misurazione e controllo,33.20.03,"Installazione di strumenti ed apparecchi di misurazione, controllo, prova, navigazione e simili (incluse le apparecchiature di controllo dei processi industriali)"
147,DONATI FRANCO & C. SNC,01588581205,,43.21.01,Installazione di impianti di illuminazione e fotovoltaici in edifici,43.21.01,Installazione di impianti elettrici in edifici o in altre opere di costruzione (inclusa manutenzione e riparazione)
152,MULTIPACK SRL,00573201209,,28.29.3,"Fabbricazione di macchine per la dosatura, la confezione e per l'imballaggio",28.29.3,"Fabbricazione di macchine automatiche per la dosatura, la confezione e per l'imballaggio (incluse parti e accessori)"
157,FABBRI 1905 SPA,00281980375,,10.39,Altre attività di lavorazione e conservazione di frutta e ortaggi,10.39,Altra Lavorazione e conservazione di frutta e di ortaggi
167,OPEM SPA,00155580343,,28.29.3,"Fabbricazione di macchine per la dosatura, la confezione e per l'imballaggio",28.29.3,"Fabbricazione di macchine automatiche per la dosatura, la confezione e per l'imballaggio (incluse parti e accessori)"
168,O.A.M. SPA,00503681207,,28.29.3,"Fabbricazione di macchine per la dosatura, la confezione e per l'imballaggio",28.29.3,"Fabbricazione di macchine automatiche per la dosatura, la confezione e per l'imballaggio (incluse parti e accessori)"
171,OMAG SPA,02154180406,,28.29.3,"Fabbricazione di macchine per la dosatura, la confezione e per l'imballaggio",28.29.3,"Fabbricazione di macchine automatiche per la dosatura, la confezione e per l'imballaggio (incluse parti e accessori)"
175,P.B.E. COMMERCIALE SRL,01039620362,,43.21.01,Installazione di impianti di illuminazione e fotovoltaici in edifici,43.21.01,Installazione di impianti elettrici in edifici o in altre opere di costruzione (inclusa manutenzione e riparazione)
177,P.M.E. SRL,00544371206,,33.20.03,Installazione di strumenti e apparecchi di misurazione e controllo,33.20.03,"Installazione di strumenti ed apparecchi di misurazione, controllo, prova, navigazione e simili (incluse le apparecchiature di controllo dei processi industriali)"
178,AETNA GROUP SPA,01551781204,,28.29.3,"Fabbricazione di macchine per la dosatura, la confezione e per l'imballaggio",28.29.3,"Fabbricazione di macchine automatiche per la dosatura, la confezione e per l'imballaggio (incluse parti e accessori)"
180,V-SHAPES  SRL,03664681206,,28.29.3,"Fabbricazione di macchine per la dosatura, la confezione e per l'imballaggio",28.29.3,"Fabbricazione di macchine automatiche per la dosatura, la confezione e per l'imballaggio (incluse parti e accessori)"
181,RICOTH SRL,01143070397,,28.99.99,Fabbricazione di tutte le altre macchine varie per impieghi speciali n.c.a.,28.99.99,Fabbricazione di altre macchine ed attrezzature per impieghi speciali n.c.a. (incluse parti e accessori)
186,SACMI IMOLA S.C.,00498321207,,28.99.99,Fabbricazione di tutte le altre macchine varie per impieghi speciali n.c.a.,28.99.99,Fabbricazione di altre macchine ed attrezzature per impieghi speciali n.c.a. (incluse parti e accessori)
187,S.A.I.I.E.  SRL,00518230404,,33.20.09,Installazione di altre macchine e apparecchiature industriali,33.20.02,"Installazione di apparecchi elettrici ed elettronici per telecomunicazioni, di apparecchi trasmittenti radiotelevisivi, di impianti di apparecchiature elettriche ed elettroniche (esclusa l'installazione all'interno degli edifici)"
188,SASIB SPA,04123450373,,28.93,"Fabbricazione di macchine per l'industria alimentare, delle bevande e del tabacco",28.93,"Fabbricazione di macchine per l'industria alimentare, delle bevande e del tabacco"
190,RSB SRL  SEMPLIFICATA,03878471204,,46.61,"Commercio all'ingrosso di macchinari, attrezzature e forniture agricole",46.61,"Commercio all'ingrosso di macchinari, attrezzature e forniture agricole"
195,TECMA  SNC,01741460354,,27.33,Fabbricazione di attrezzature per cablaggio,27.33,Fabbricazione di attrezzature per cablaggio
196,EUROGRU  AMICI  SRL,02099600385,,28.22.09,Fabbricazione di altri apparecchi di sollevamento e movimentazione,28.22.09,Fabbricazione di altre macchine e apparecchi di sollevamento e movimentazione
198,GRUPPO TECNOFERRARI SPA,01475650352,,28.2,Fabbricazione di altre macchine di impiego generale,28.2,FABBRICAZIONE DI ALTRE MACCHINE DI IMPIEGO GENERALE
200,SAMP  SRL,03965201209,,28.96,Fabbricazione di macchine per l'industria delle materie plastiche e della gomma,28.96,Fabbricazione di macchine per l'industria delle materie plastiche e della gomma (incluse parti e accessori)
203,SUPPINI SRL,02222541209,,43.21.01,Installazione di impianti di illuminazione e fotovoltaici in edifici,43.21.01,Installazione di impianti elettrici in edifici o in altre opere di costruzione (inclusa manutenzione e riparazione)
204,S.M. SRL,00702441205,,28.29.3,"Fabbricazione di macchine per la dosatura, la confezione e per l'imballaggio",28.29.3,"Fabbricazione di macchine automatiche per la dosatura, la confezione e per l'imballaggio (incluse parti e accessori)"
205,SENZANI BREVETTI  SPA,00082770397,,28.93,"Fabbricazione di macchine per l'industria alimentare, delle bevande e del tabacco",28.93,"Fabbricazione di macchine per l'industria alimentare, delle bevande e del tabacco"
206,STROMAB SPA,01862700356,,28.4,Fabbricazione di macchine per la deformazione dei metalli e di altre macchine utensili,28.4,FABBRICAZIONE DI MACCHINE PER LA FORMATURA DEI METALLI E DI ALTRE MACCHINE UTENSILI
208,SOTEMAPACK  SPA,01974391201,,28.29.3,"Fabbricazione di macchine per la dosatura, la confezione e per l'imballaggio",28.29.3,"Fabbricazione di macchine automatiche per la dosatura, la confezione e per l'imballaggio (incluse parti e accessori)"
209,AV  ELECTRONICS SRL  A S,01521720340,,26.12,Fabbricazione di schede elettroniche integrate,26.12,Fabbricazione di schede elettroniche assemblate
213,S.A.M.U. AUTOMAZIONI SRL,02348010360,,43.21.01,Installazione di impianti di illuminazione e fotovoltaici in edifici,43.21.01,Installazione di impianti elettrici in edifici o in altre opere di costruzione (inclusa manutenzione e riparazione)
214,FIMEC  SRL,01551500364,,27.11,"Fabbricazione di motori, generatori e trasformatori elettrici",27.11,"Fabbricazione di motori, generatori e trasformatori elettrici"
220,TECNOCART IMBALLAGGI SRL,02397341203,,46.86.3,Commercio all'ingrosso di articoli per imballaggio,46.76.3,Commercio all'ingrosso di imballaggi
224,AMADEI  AURO  SRL,01942120369,,27.12,Fabbricazione di apparecchiature per la distribuzione e il controllo dell'elettricità,27.12,Fabbricazione di apparecchiature per le reti di distribuzione e il controllo dell'elettricità
228,ZAMBELLI SRL,00547121202,,28.29.3,"Fabbricazione di macchine per la dosatura, la confezione e per l'imballaggio",28.29.3,"Fabbricazione di macchine automatiche per la dosatura, la confezione e per l'imballaggio (incluse parti e accessori)"
232,PAGLIERANI  SRL,01777590405,,28.29.3,"Fabbricazione di macchine per la dosatura, la confezione e per l'imballaggio",28.29.3,"Fabbricazione di macchine automatiche per la dosatura, la confezione e per l'imballaggio (incluse parti e accessori)"
236,CERAMICA DEL CONCA SPA,00819720400,,23.31,Fabbricazione di piastrelle in ceramica per pavimenti e rivestimenti,23.31,Fabbricazione di piastrelle in ceramica per pavimenti e rivestimenti
241,OSKAR  SRL,01883190207,,32.91,Fabbricazione di scope e spazzole,32.91,Fabbricazione di scope e spazzole
250,AEA  SRL,00686250424,,28.99.99,Fabbricazione di tutte le altre macchine varie per impieghi speciali n.c.a.,28.99.99,Fabbricazione di altre macchine ed attrezzature per impieghi speciali n.c.a. (incluse parti e accessori)
253,MAC DUE SRL,00512891201,,28.29.3,"Fabbricazione di macchine per la dosatura, la confezione e per l'imballaggio",28.29.3,"Fabbricazione di macchine automatiche per la dosatura, la confezione e per l'imballaggio (incluse parti e accessori)"
254,MEC.IND SRL,02202970360,,28.91,Fabbricazione di macchine per la metallurgia,28.91,Fabbricazione di macchine per la metallurgia
255,NILMA SPA,01574440341,,28.93,"Fabbricazione di macchine per l'industria alimentare, delle bevande e del tabacco",28.93,"Fabbricazione di macchine per l'industria alimentare, delle bevande e del tabacco"
267,MATTEUZZI SRL,03832871200,,28.96,Fabbricazione di macchine per l'industria delle materie plastiche e della gomma,28.96,Fabbricazione di macchine per l'industria delle materie plastiche e della gomma (incluse parti e accessori)
268,EPSOL  SRL,03120401207,,28.29.3,"Fabbricazione di macchine per la dosatura, la confezione e per l'imballaggio",28.29.3,"Fabbricazione di macchine automatiche per la dosatura, la confezione e per l'imballaggio (incluse parti e accessori)"
270,O.C.E. ELETTRONICA DI PO,00338641202,,26.12,Fabbricazione di schede elettroniche integrate,26.12,Fabbricazione di schede elettroniche assemblate
273,ELETTROMECCANICA RENO SR,02198231207,,27.90.09,Fabbricazione di altre apparecchiature elettriche n.c.a.,27.90.09,Fabbricazione di altre apparecchiature elettriche n.c.a.
289,ELUMATEC  ITALIA  SRL,02155621200,,28.41,Fabbricazione di macchine per la deformazione dei metalli e di altre macchine utensili per la lavorazione dei metalli,28.41,Fabbricazione di macchine utensili per la formatura dei metalli
290,S.C.E. SRL,00762830362,,26,Fabbricazione di computer e prodotti di elettronica e ottica,26,"FABBRICAZIONE DI COMPUTER E PRODOTTI DI ELETTRONICA E OTTICA; APPARECCHI ELETTROMEDICALI, APPARECCHI DI MISURAZIONE E DI OROLOGI"
299,BAUMER SRL,02114770361,,28.29.3,"Fabbricazione di macchine per la dosatura, la confezione e per l'imballaggio",28.29.3,"Fabbricazione di macchine automatiche per la dosatura, la confezione e per l'imballaggio (incluse parti e accessori)"
301,LPM.GROUP  SPA,01225930377,,22.26.99,Fabbricazione di altri prodotti vari in materie plastiche n.c.a.,22.29.09,Fabbricazione di altri articoli in materie plastiche n.c.a.
312,3F FILIPPI SPA,00529461204,,27.4,Fabbricazione di apparecchiature per l'illuminazione,27.4,FABBRICAZIONE DI APPARECCHIATURE PER ILLUMINAZIONE
314,TORRESI RAFFAELE SRL,00910400431,,46.61,"Commercio all'ingrosso di macchinari, attrezzature e forniture agricole",46.61,"Commercio all'ingrosso di macchinari, attrezzature e forniture agricole"
319,MICROM-EL SNC,00954350351,,None,,33.20.03,
320,IDROELETTRICA  SPA,01021580368,,28.12,Fabbricazione di apparecchiature fluidodinamiche,28.12,Fabbricazione di apparecchiature fluidodinamiche
333,CENTAURO SPA,00358910362,,24.51.01,Fusione di getti in ghisa grigia o lamellare,24.51,Fusione di ghisa
335,C.M.  SURFACE  TREATMENT,01918330364,,28.29.99,Fabbricazione di altre macchine varie di impiego generale n.c.a.,28.29.99,Fabbricazione di altro materiale meccanico e di altre macchine di impiego generale n.c.a.
341,C.A.T. PROGETTI SRL,00614261204,,27.90.09,Fabbricazione di altre apparecchiature elettriche n.c.a.,27.90.09,Fabbricazione di altre apparecchiature elettriche n.c.a.
345,MICRO SYSTEMS SRL,01306460369,,26.51.29,Fabbricazione di altri strumenti e apparecchi di misurazione e prova n.c.a.,26.51.29,"Fabbricazione di altri apparecchi di misura e regolazione, strumenti da disegno, di contatori di elettricità, gas, acqua ed altri liquidi, di bilance analitiche di precisione (incluse parti staccate ed accessori)"
355,BIEFFEBI SRL,00500991203,,28.99.1,Fabbricazione di macchine per la stampa e la legatoria,28.99.1,Fabbricazione di macchine per la stampa e la legatoria (incluse parti e accessori)
376,COMAR CONDENSATORI SPA,00593721202,,26.11,Fabbricazione di componenti elettronici,26.11.09,Fabbricazione di altri componenti elettronici
381,LOGOMAT SRL,01615591201,,33.20.03,Installazione di strumenti e apparecchi di misurazione e controllo,33.20.03,"Installazione di strumenti ed apparecchi di misurazione, controllo, prova, navigazione e simili (incluse le apparecchiature di controllo dei processi industriali)"
403,COROB SPA,03754020968,,28.29.99,Fabbricazione di altre macchine varie di impiego generale n.c.a.,28.29.99,Fabbricazione di altro materiale meccanico e di altre macchine di impiego generale n.c.a.
408,BOLLINA SRL,00629411208,,28.4,Fabbricazione di macchine per la deformazione dei metalli e di altre macchine utensili,28.4,FABBRICAZIONE DI MACCHINE PER LA FORMATURA DEI METALLI E DI ALTRE MACCHINE UTENSILI
412,TECHNIPES SRL,01942510403,,28.29.1,Fabbricazione di bilance e distributori automatici,28.29.1,Fabbricazione di bilance e di macchine automatiche per la vendita e la distribuzione (incluse parti staccate e accessori)
422,TILE SERVICE SRL,02773110362,,46.64.99,Commercio all'ingrosso di altri macchinari e attrezzature varie n.c.a.,46.69.99,"Commercio all'ingrosso di altre macchine ed attrezzature per l'industria, il commercio e la navigazione n.c.a."
423,TBF  SRL,01958040352,,43.21.01,Installazione di impianti di illuminazione e fotovoltaici in edifici,43.21.01,Installazione di impianti elettrici in edifici o in altre opere di costruzione (inclusa manutenzione e riparazione)
424,INDUSTRIALE  ELETTRICA,00530160340,,46.64.2,Commercio all'ingrosso di materiale elettrico per impianti industriali,46.69.2,Commercio all'ingrosso di materiale elettrico per impianti di uso industriale
429,F & B SYSTEMS SRL,01502340340,,46.64.2,Commercio all'ingrosso di materiale elettrico per impianti industriali,46.69.2,Commercio all'ingrosso di materiale elettrico per impianti di uso industriale
433,N.A. ELETTRONICA SRL,00668951205,,26.51.29,Fabbricazione di altri strumenti e apparecchi di misurazione e prova n.c.a.,26.51.29,"Fabbricazione di altri apparecchi di misura e regolazione, strumenti da disegno, di contatori di elettricità, gas, acqua ed altri liquidi, di bilance analitiche di precisione (incluse parti staccate ed accessori)"
444,PM SERVIZI  SRL,03118790363,,33.12.59,Riparazione e manutenzione di altre macchine di impiego generale n.c.a.,33.12.59,Riparazione e manutenzione di altre macchine di impiego generale n.c.a.
453,BERNIERI TECNOMONTAGGI,01520130343,,27.33,Fabbricazione di attrezzature per cablaggio,27.33,Fabbricazione di attrezzature per cablaggio
461,RI.PI. SRL,00685181208,,28.99.99,Fabbricazione di tutte le altre macchine varie per impieghi speciali n.c.a.,28.99.99,Fabbricazione di altre macchine ed attrezzature per impieghi speciali n.c.a. (incluse parti e accessori)
465,G.S. ELETTROMECCANICA SR,01260740400,,33.20.01,"Installazione di motori, generatori e trasformatori elettrici e di apparecchiature per la distribuzione e il controllo della elettricità",27.12,Fabbricazione di apparecchiature per le reti di distribuzione e il controllo dell'elettricità
467,ABM AUTOMAZIONI  SRL,02670791207,,28.29.3,"Fabbricazione di macchine per la dosatura, la confezione e per l'imballaggio",28.29.3,"Fabbricazione di macchine automatiche per la dosatura, la confezione e per l'imballaggio (incluse parti e accessori)"
468,MINERVA OMEGA GROUP SRL,02696821202,,28.93,"Fabbricazione di macchine per l'industria alimentare, delle bevande e del tabacco",28.93,"Fabbricazione di macchine per l'industria alimentare, delle bevande e del tabacco"
473,LA FIDUCIARIA SRL,00511171209,,33.12.54,Riparazione e manutenzione di macchine per impacchettare e imballare,33.12.54,"Riparazione e manutenzione di macchine per la dosatura, la confezione e l'imballaggio"
475,A.C.M.A. SPA,00281690370,,28.29.3,"Fabbricazione di macchine per la dosatura, la confezione e per l'imballaggio",28.29.3,"Fabbricazione di macchine automatiche per la dosatura, la confezione e per l'imballaggio (incluse parti e accessori)"
479,PIZZOLI SPA,00590481206,,10.31,Lavorazione e conservazione di patate,10.31,Lavorazione e conservazione delle patate
486,TURRINI DANTE SNC,00687231209,,28.42,Fabbricazione di altre macchine utensili,28.49.09,Fabbricazione di altre macchine utensili (incluse parti e accessori) n.c.a.
488,SERTAM  SRL,02245400367,,28.29.99,Fabbricazione di altre macchine varie di impiego generale n.c.a.,28.29.99,Fabbricazione di altro materiale meccanico e di altre macchine di impiego generale n.c.a.
496,AMOTEK SRL,01915041204,,28.29.3,"Fabbricazione di macchine per la dosatura, la confezione e per l'imballaggio",28.29.3,"Fabbricazione di macchine automatiche per la dosatura, la confezione e per l'imballaggio (incluse parti e accessori)"
497,TOYOTA MATERIAL HANDLING,04217660374,,28.22.09,Fabbricazione di altri apparecchi di sollevamento e movimentazione,28.22.02,"Fabbricazione di gru, argani, verricelli a mano e a motore, carrelli trasbordatori, carrelli elevatori e piattaforme girevoli"
500,C.F.E. SRL,01140500370,,33.12.99,Riparazione e manutenzione di altre macchine per impieghi speciali n.c.a.,33.12.99,Riparazione e manutenzione di altre macchine per impieghi speciali n.c.a. (incluse le macchine utensili)
514,FEIBO SRL,02414980371,,46.47.3,"Commercio all'ingrosso di articoli per l'illuminazione per la casa, l'ufficio e i negozi",46.47.3,Commercio all'ingrosso di articoli per l'illuminazione; materiale elettrico vario per uso domestico
515,BALBONI & POGGI SNC,00428570378,,46.64,Commercio all'ingrosso di altri macchinari e attrezzature,46.69,Commercio all'ingrosso di altri macchinari e attrezzature
518,ROSSI LINDO & C. SNC,02123210367,,25.11,Fabbricazione di strutture metalliche e di parti di strutture metalliche,25.11,Fabbricazione di strutture metalliche e di parti di strutture
525,LA NUOVA LAMPA SNC,00733590400,,28.93,"Fabbricazione di macchine per l'industria alimentare, delle bevande e del tabacco",28.93,"Fabbricazione di macchine per l'industria alimentare, delle bevande e del tabacco"
528,S.A.I. ELECTRIC SPA,00284940368,,46.61,"Commercio all'ingrosso di macchinari, attrezzature e forniture agricole",46.61,"Commercio all'ingrosso di macchinari, attrezzature e forniture agricole"
534,AUTOMAZIONI CISMAC SRL,00881210363,,28.29.99,Fabbricazione di altre macchine varie di impiego generale n.c.a.,28.29.99,Fabbricazione di altro materiale meccanico e di altre macchine di impiego generale n.c.a.
538,S.I.T.I. SPA    - COD.FO,00524851201,,28.15,"Fabbricazione di cuscinetti, ingranaggi e organi di trasmissione",28.15.1,"Fabbricazione di organi di trasmissione (esclusi quelli idraulici e quelli per autoveicoli, aeromobili e motocicli)"
545,REV PACKAGING  SOLUTIONS,03668390408,,28.29.3,"Fabbricazione di macchine per la dosatura, la confezione e per l'imballaggio",28.29.3,"Fabbricazione di macchine automatiche per la dosatura, la confezione e per l'imballaggio (incluse parti e accessori)"
547,SER.MAC SRL,02147280404,,28.93,"Fabbricazione di macchine per l'industria alimentare, delle bevande e del tabacco",28.93,"Fabbricazione di macchine per l'industria alimentare, delle bevande e del tabacco"
555,SALDOTECNICA BUSAN SRL,00504671207,,28.41,Fabbricazione di macchine per la deformazione dei metalli e di altre macchine utensili per la lavorazione dei metalli,28.41,Fabbricazione di macchine utensili per la formatura dei metalli
566,EL.CON  SNC,00625991203,,33.20.03,Installazione di strumenti e apparecchi di misurazione e controllo,33.20.03,"Installazione di strumenti ed apparecchi di misurazione, controllo, prova, navigazione e simili (incluse le apparecchiature di controllo dei processi industriali)"
569,FAVA SPA,01080700386,,28.93,"Fabbricazione di macchine per l'industria alimentare, delle bevande e del tabacco",28.93,"Fabbricazione di macchine per l'industria alimentare, delle bevande e del tabacco"
575,ZAGIB  SPA,00160300364,,28.95,Fabbricazione di macchine per l'industria della carta e del cartone,28.95,Fabbricazione di macchine per l'industria della carta e del cartone (incluse parti e accessori)
578,T.E.M.A. SPA,01693250365,,26.12,Fabbricazione di schede elettroniche integrate,26.12,Fabbricazione di schede elettroniche assemblate
583,CUOGHI ROLANDO SRL,02756660367,,27.11,"Fabbricazione di motori, generatori e trasformatori elettrici",27.11,"Fabbricazione di motori, generatori e trasformatori elettrici"
586,PELLICONI & C. SPA,00502181209,,25.92,Fabbricazione di imballaggi in metallo leggero,25.92,Fabbricazione di imballaggi leggeri in metallo
596,NUOVA STAR SPA,00503761207,,25.62,Fabbricazione di serrature e cerniere,25.72,Fabbricazione di serrature e cerniere
599,ELCOS SRL,00956190383,,33.20.09,Installazione di altre macchine e apparecchiature industriali,33.20.02,"Installazione di apparecchi elettrici ed elettronici per telecomunicazioni, di apparecchi trasmittenti radiotelevisivi, di impianti di apparecchiature elettriche ed elettroniche (esclusa l'installazione all'interno degli edifici)"
619,AWETA SISTEMI  SPA,01075420404,,28.93,"Fabbricazione di macchine per l'industria alimentare, delle bevande e del tabacco",28.93,"Fabbricazione di macchine per l'industria alimentare, delle bevande e del tabacco"
624,SACMI FORNI & FILTER  SP,03875981205,,28.21.1,Fabbricazione di forni,28.21.1,"Fabbricazione di forni, fornaci e bruciatori"
636,S.T.M.  SPA,00525721205,,28.15,"Fabbricazione di cuscinetti, ingranaggi e organi di trasmissione",28.15.1,"Fabbricazione di organi di trasmissione (esclusi quelli idraulici e quelli per autoveicoli, aeromobili e motocicli)"
653,DIMA  SRL,01537310367,,28.93,"Fabbricazione di macchine per l'industria alimentare, delle bevande e del tabacco",28.93,"Fabbricazione di macchine per l'industria alimentare, delle bevande e del tabacco"
664,ELETTROKEY  SAS,00742570351,,43.21.01,Installazione di impianti di illuminazione e fotovoltaici in edifici,43.21.01,Installazione di impianti elettrici in edifici o in altre opere di costruzione (inclusa manutenzione e riparazione)
669,PARTENA SPA,00565150372,,28.29.3,"Fabbricazione di macchine per la dosatura, la confezione e per l'imballaggio",28.29.3,"Fabbricazione di macchine automatiche per la dosatura, la confezione e per l'imballaggio (incluse parti e accessori)"
677,B.MATIC SRL,02721901201,,28.99.1,Fabbricazione di macchine per la stampa e la legatoria,28.99.1,Fabbricazione di macchine per la stampa e la legatoria (incluse parti e accessori)
678,ELTEC DI GRASSELLI MARCO,01305840355,,43.21.01,Installazione di impianti di illuminazione e fotovoltaici in edifici,43.21.01,Installazione di impianti elettrici in edifici o in altre opere di costruzione (inclusa manutenzione e riparazione)
685,FARMFRONT SPA,01294030364,,28.30.9,Fabbricazione di altre macchine per l'agricoltura e la silvicoltura,28.30.9,"Fabbricazione di altre macchine per l'agricoltura, la silvicoltura e la zootecnia"
699,NEXION  SPA,01700320359,,28.99.93,Fabbricazione di apparecchiature per l'allineamento e il bilanciamento delle ruote e altre apparecchiature per il bilanciamento,28.99.93,Fabbricazione di apparecchiature per l'allineamento e il bilanciamento delle ruote; altre apparecchiature per il bilanciamento
708,AUTIN SRL,00707321204,,46.64.99,Commercio all'ingrosso di altri macchinari e attrezzature varie n.c.a.,46.69.99,"Commercio all'ingrosso di altre macchine ed attrezzature per l'industria, il commercio e la navigazione n.c.a."
710,SANMARINO ELETTRONICA,SM29528,,,,,
724,M.C. AUTOMATIONS SRL,01511431205,,28.29.3,"Fabbricazione di macchine per la dosatura, la confezione e per l'imballaggio",28.29.3,"Fabbricazione di macchine automatiche per la dosatura, la confezione e per l'imballaggio (incluse parti e accessori)"
737,SYSTEM LOGISTICS SPA,03665250365,,28.22.09,Fabbricazione di altri apparecchi di sollevamento e movimentazione,28.22.09,Fabbricazione di altre macchine e apparecchi di sollevamento e movimentazione
751,T.C.M.  DI COVEZZI G.C.,01970120364,,28.22,Fabbricazione di apparecchi di sollevamento e movimentazione,28.22,Fabbricazione di macchine e apparecchi di sollevamento e movimentazione
754,GENERAL IMPIANTI SRL,01073910422,,26.51.29,Fabbricazione di altri strumenti e apparecchi di misurazione e prova n.c.a.,26.51.29,"Fabbricazione di altri apparecchi di misura e regolazione, strumenti da disegno, di contatori di elettricità, gas, acqua ed altri liquidi, di bilance analitiche di precisione (incluse parti staccate ed accessori)"
758,F.A.M.A.C. SNC,00052650389,,None,,31.01.22,
774,PIERI SRL,01228090401,,28.29.3,"Fabbricazione di macchine per la dosatura, la confezione e per l'imballaggio",28.29.3,"Fabbricazione di macchine automatiche per la dosatura, la confezione e per l'imballaggio (incluse parti e accessori)"
794,FRAMAR SRL,01286400369,,28.42,Fabbricazione di altre macchine utensili,28.49.09,Fabbricazione di altre macchine utensili (incluse parti e accessori) n.c.a.
809,CASALIN SRL,00607871209,,28.29.99,Fabbricazione di altre macchine varie di impiego generale n.c.a.,28.29.99,Fabbricazione di altro materiale meccanico e di altre macchine di impiego generale n.c.a.
817,SITI - B&T GROUP  SPA,02071130369,,28.99.99,Fabbricazione di tutte le altre macchine varie per impieghi speciali n.c.a.,28.99.99,Fabbricazione di altre macchine ed attrezzature per impieghi speciali n.c.a. (incluse parti e accessori)
825,SIPLA SRL,01733741209,,28.29.3,"Fabbricazione di macchine per la dosatura, la confezione e per l'imballaggio",28.29.3,"Fabbricazione di macchine automatiche per la dosatura, la confezione e per l'imballaggio (incluse parti e accessori)"
830,PENNELLIFICIO OMEGA SPA,02116670379,,32.91,Fabbricazione di scope e spazzole,32.91,Fabbricazione di scope e spazzole
831,AIRLESS ITALIA  SRL,03199190368,,28.99.99,Fabbricazione di tutte le altre macchine varie per impieghi speciali n.c.a.,28.99.99,Fabbricazione di altre macchine ed attrezzature per impieghi speciali n.c.a. (incluse parti e accessori)
834,O.M.M.A. PACK SRL,00625011200,,25.53,Lavori di meccanica generale dei metalli,25.62,Lavori di meccanica generale
838,SERVOMECH  SPA,02848481202,,28.15,"Fabbricazione di cuscinetti, ingranaggi e organi di trasmissione",28.15.1,"Fabbricazione di organi di trasmissione (esclusi quelli idraulici e quelli per autoveicoli, aeromobili e motocicli)"
839,ANTEO SPA,00707441200,,25.53,Lavori di meccanica generale dei metalli,25.62,Lavori di meccanica generale
855,GM3   SRL,02851771200,,28.29.3,"Fabbricazione di macchine per la dosatura, la confezione e per l'imballaggio",28.29.3,"Fabbricazione di macchine automatiche per la dosatura, la confezione e per l'imballaggio (incluse parti e accessori)"
859,ORSI GROUP SRL,03049991205,,28.30.9,Fabbricazione di altre macchine per l'agricoltura e la silvicoltura,28.30.9,"Fabbricazione di altre macchine per l'agricoltura, la silvicoltura e la zootecnia"
878,C.E.E.I.  SRL,01537781203,,27.90.09,Fabbricazione di altre apparecchiature elettriche n.c.a.,27.90.09,Fabbricazione di altre apparecchiature elettriche n.c.a.
884,SEGAFREDO ZANETTI SPA,00526881206,,10.83.02,Lavorazione di caffè,10.83.01,Lavorazione del caffè
892,ELETTROMECCANICA N.T. SR,00188000350,,27.12,Fabbricazione di apparecchiature per la distribuzione e il controllo dell'elettricità,27.12,Fabbricazione di apparecchiature per le reti di distribuzione e il controllo dell'elettricità
897,TESANI E SAMMARCHI SRL,00674761200,,25.4,Fucinatura e formatura dei metalli e metallurgia delle polveri,25.5,"FUCINATURA, IMBUTITURA, STAMPAGGIO E PROFILATURA DEI METALLI; METALLURGIA DELLE POLVERI"
905,ICOTET    SRL,01784250365,,33.20.01,"Installazione di motori, generatori e trasformatori elettrici e di apparecchiature per la distribuzione e il controllo della elettricità",33.20.01,"Installazione di motori, generatori e trasformatori elettrici; di apparecchiature per la distribuzione e il controllo dell'elettricità (esclusa l'installazione all'interno degli edifici)"
908,B.D.P.  SRL   - UNIPERSO,02793851201,,28.4,Fabbricazione di macchine per la deformazione dei metalli e di altre macchine utensili,28.4,FABBRICAZIONE DI MACCHINE PER LA FORMATURA DEI METALLI E DI ALTRE MACCHINE UTENSILI
909,PACTUR SRL,01530801206,,28.29.3,"Fabbricazione di macchine per la dosatura, la confezione e per l'imballaggio",28.29.3,"Fabbricazione di macchine automatiche per la dosatura, la confezione e per l'imballaggio (incluse parti e accessori)"
911,INFOMOTION  SRL,02294780362,,62.1,Attività di programmazione informatica,62.01,Produzione di software non connesso all'edizione
912,L.C.  AUTOMAZIONE,02878671201,,28.29.3,"Fabbricazione di macchine per la dosatura, la confezione e per l'imballaggio",28.29.3,"Fabbricazione di macchine automatiche per la dosatura, la confezione e per l'imballaggio (incluse parti e accessori)"
919,NORBLAST  SRL,02311131201,,28.42,Fabbricazione di altre macchine utensili,28.49.09,Fabbricazione di altre macchine utensili (incluse parti e accessori) n.c.a.
925,ENGIN PLAST  SRL,01515370383,,28.29.9,Fabbricazione di altre macchine varie di impiego generale,28.29.9,Fabbricazione di macchine di impiego generale ed altro materiale meccanico n.c.a.
930,REMET SAS,00391750411,,26.51.29,Fabbricazione di altri strumenti e apparecchi di misurazione e prova n.c.a.,26.51.29,"Fabbricazione di altri apparecchi di misura e regolazione, strumenti da disegno, di contatori di elettricità, gas, acqua ed altri liquidi, di bilance analitiche di precisione (incluse parti staccate ed accessori)"
931,MECBO SRL,00508751203,,28.92,"Fabbricazione di macchine da miniera, cava e cantiere",28.92.09,"Fabbricazione di altre macchine da miniera, cava e cantiere (incluse parti e accessori)"
935,MIX  SRL   -  UNIPERSONA,01955050362,,28.29.99,Fabbricazione di altre macchine varie di impiego generale n.c.a.,28.29.99,Fabbricazione di altro materiale meccanico e di altre macchine di impiego generale n.c.a.
938,LANCIA SRL,02000810362,,28.29.3,"Fabbricazione di macchine per la dosatura, la confezione e per l'imballaggio",28.29.3,"Fabbricazione di macchine automatiche per la dosatura, la confezione e per l'imballaggio (incluse parti e accessori)"
945,DIERRE SPA,03665190363,,25.11,Fabbricazione di strutture metalliche e di parti di strutture metalliche,25.11,Fabbricazione di strutture metalliche e di parti di strutture
947,ELFI SPA    (35),02698210404,,46.47.3,"Commercio all'ingrosso di articoli per l'illuminazione per la casa, l'ufficio e i negozi",46.47.3,Commercio all'ingrosso di articoli per l'illuminazione; materiale elettrico vario per uso domestico
957,PIZZATO ELETTRICA SRL,01704080249,,26.11,Fabbricazione di componenti elettronici,26.11.09,Fabbricazione di altri componenti elettronici
967,PEI VM SRL,02886271200,,74.99.99,"Tutte le altre attività varie professionali, scientifiche e tecniche n.c.a.",74.90.99,Altre attività professionali n.c.a.
972,PELLICONI ABRUZZO SRL,01485820698,,25.92,Fabbricazione di imballaggi in metallo leggero,25.92,Fabbricazione di imballaggi leggeri in metallo
973,PENTATECH SRL,02277210395,,28.95,Fabbricazione di macchine per l'industria della carta e del cartone,28.95,Fabbricazione di macchine per l'industria della carta e del cartone (incluse parti e accessori)
986,SIR SPA,02690180365,,28.99.2,Fabbricazione di robot industriali con compiti multipli per scopi speciali,28.99.2,Fabbricazione di robot industriali per usi molteplici (incluse parti e accessori)
1005,I.T. TECHNOLOGIES  SRL,02653790366,,33.20.03,Installazione di strumenti e apparecchi di misurazione e controllo,33.20.03,"Installazione di strumenti ed apparecchi di misurazione, controllo, prova, navigazione e simili (incluse le apparecchiature di controllo dei processi industriali)"
1008,ELETTROMECC.FORLIVESE,01732150402,,32.50.5,Fabbricazione di altri strumenti e forniture mediche e dentistiche,32.50.1,"Fabbricazione di mobili per uso medico, apparecchi medicali, di materiale medico-chirurgico e veterinario, di apparecchi e strumenti per odontoiatria (incluse parti staccate e accessori)"
1010,ALVE SRL,03237200369,,28.94.1,Fabbricazione di macchine tessili,28.94.1,"Fabbricazione di macchine tessili, di macchine e di impianti per il trattamento ausiliario dei tessili, di macchine per cucire e per maglieria (incluse parti e accessori)"
1016,UNITECH  SRL,03894120363,,27.90.09,Fabbricazione di altre apparecchiature elettriche n.c.a.,27.90.09,Fabbricazione di altre apparecchiature elettriche n.c.a.
1017,ZEPHIR  SPA,00262550361,,29.1,Fabbricazione di autoveicoli,29.1,FABBRICAZIONE DI AUTOVEICOLI
1031,SELENE  SRL,01279530503,,26.2,Fabbricazione di computer e unità periferiche,26.2,FABBRICAZIONE DI COMPUTER E UNITÀ PERIFERICHE
1035,FLODRAULIC INDUSTRIAL SR,00592061204,,28.12,Fabbricazione di apparecchiature fluidodinamiche,28.12,Fabbricazione di apparecchiature fluidodinamiche
1052,DMC SRL,01965780354,,28.29.3,"Fabbricazione di macchine per la dosatura, la confezione e per l'imballaggio",28.29.3,"Fabbricazione di macchine automatiche per la dosatura, la confezione e per l'imballaggio (incluse parti e accessori)"
1057,UNITEC  SPA,01090820398,,28.93,"Fabbricazione di macchine per l'industria alimentare, delle bevande e del tabacco",28.93,"Fabbricazione di macchine per l'industria alimentare, delle bevande e del tabacco"
1063,SENSORLINE AUTOMATION  S,04271900377,,46.50.2,Commercio all'ingrosso di apparecchiature per telecomunicazioni,46.52.09,Commercio all'ingrosso di altre apparecchiature elettroniche per telecomunicazioni e di altri componenti elettronici
1087,SORMA SPA,00284630407,,28.29.3,"Fabbricazione di macchine per la dosatura, la confezione e per l'imballaggio",28.29.3,"Fabbricazione di macchine automatiche per la dosatura, la confezione e per l'imballaggio (incluse parti e accessori)"
1089,GN MED  SRL,01230930396,,27.12,Fabbricazione di apparecchiature per la distribuzione e il controllo dell'elettricità,27.12,Fabbricazione di apparecchiature per le reti di distribuzione e il controllo dell'elettricità
1092,DOTECO  SPA,02211350364,,28.29.3,"Fabbricazione di macchine per la dosatura, la confezione e per l'imballaggio",28.29.3,"Fabbricazione di macchine automatiche per la dosatura, la confezione e per l'imballaggio (incluse parti e accessori)"
1094,GALMAR SAS  DI GALLETTI,00550891204,,27.90.09,Fabbricazione di altre apparecchiature elettriche n.c.a.,27.90.09,Fabbricazione di altre apparecchiature elettriche n.c.a.
1098,EMMEGI SPA,01978870366,,28.41,Fabbricazione di macchine per la deformazione dei metalli e di altre macchine utensili per la lavorazione dei metalli,28.41,Fabbricazione di macchine utensili per la formatura dei metalli
1102,MGF SAS DI MARCUZZI ANDR,09856360012,,26.11,Fabbricazione di componenti elettronici,26.11.09,Fabbricazione di altri componenti elettronici
1113,B.L. MEDITERRANEO  SRL,02598631204,,28.29.3,"Fabbricazione di macchine per la dosatura, la confezione e per l'imballaggio",28.29.3,"Fabbricazione di macchine automatiche per la dosatura, la confezione e per l'imballaggio (incluse parti e accessori)"
1137,DINAMIC OIL SPA  a socio,01678080365,,28.11.2,Fabbricazione di turbine,28.11.2,Fabbricazione di turbine e turboalternatori (incluse parti e accessori)
1140,NEXT HYDRAULICS SRL,01364450351,,28.22,Fabbricazione di apparecchi di sollevamento e movimentazione,28.22,Fabbricazione di macchine e apparecchi di sollevamento e movimentazione
1155,ARTIGLIO  SPA,01583560360,,28.42,Fabbricazione di altre macchine utensili,28.49.09,Fabbricazione di altre macchine utensili (incluse parti e accessori) n.c.a.
1158,SAIMEC  SRL,01839560347,,28.93,"Fabbricazione di macchine per l'industria alimentare, delle bevande e del tabacco",28.93,"Fabbricazione di macchine per l'industria alimentare, delle bevande e del tabacco"
1160,CATELLANI TECNO FORN.ELE,00260720354,,46.64.2,Commercio all'ingrosso di materiale elettrico per impianti industriali,46.69.2,Commercio all'ingrosso di materiale elettrico per impianti di uso industriale
1162,PRIMA FOLDER SRL,02202160392,,28.94.3,Fabbricazione di macchine per lavanderie e stirerie,28.94.3,Fabbricazione di apparecchiature e di macchine per lavanderie e stirerie (incluse parti e accessori)
1166,MANFREDINI F.LLI SNC,00676771207,,43.21.01,Installazione di impianti di illuminazione e fotovoltaici in edifici,43.21.01,Installazione di impianti elettrici in edifici o in altre opere di costruzione (inclusa manutenzione e riparazione)
1173,TECNOPROGET SAS DI NANNI,01664671201,,27.90.09,Fabbricazione di altre apparecchiature elettriche n.c.a.,27.90.09,Fabbricazione di altre apparecchiature elettriche n.c.a.
1179,G.N.A.  SRL,00653341206,,28.29.3,"Fabbricazione di macchine per la dosatura, la confezione e per l'imballaggio",28.29.3,"Fabbricazione di macchine automatiche per la dosatura, la confezione e per l'imballaggio (incluse parti e accessori)"
1187,ATLANTA SPA,02144141203,,28.29.3,"Fabbricazione di macchine per la dosatura, la confezione e per l'imballaggio",28.29.3,"Fabbricazione di macchine automatiche per la dosatura, la confezione e per l'imballaggio (incluse parti e accessori)"
1190,GIUGNI SRL,02656780364,,28.29.3,"Fabbricazione di macchine per la dosatura, la confezione e per l'imballaggio",28.29.3,"Fabbricazione di macchine automatiche per la dosatura, la confezione e per l'imballaggio (incluse parti e accessori)"
1192,TECNA SPA,00632201208,,27.90.01,Fabbricazione di apparecchiature elettriche per saldatura e brasatura,27.90.01,Fabbricazione di apparecchiature elettriche per saldature e brasature
1198,IMELETTRA  BOGUARD SAS,04134090374,,43.21.01,Installazione di impianti di illuminazione e fotovoltaici in edifici,43.21.01,Installazione di impianti elettrici in edifici o in altre opere di costruzione (inclusa manutenzione e riparazione)
1200,TECNOMAC  GROUP  SRL,04534160405,,46.62,Commercio all'ingrosso di macchine utensili,46.62,Commercio all'ingrosso di macchine utensili
1207,EFFEPI SNC,00529591208,,28.14,Fabbricazione di altri rubinetti e valvole,28.14,Fabbricazione di altri rubinetti e valvole
1212,T.S.A. TECN. SPEC. APPLI,00619671209,,28.42,Fabbricazione di altre macchine utensili,28.49,Fabbricazione di altre macchine utensili
1214,A.E.P.I. INDUSTRIE  SRL,03236891200,,27.12,Fabbricazione di apparecchiature per la distribuzione e il controllo dell'elettricità,27.12,Fabbricazione di apparecchiature per le reti di distribuzione e il controllo dell'elettricità
1222,CYBER SRL,00807770383,,28.22.09,Fabbricazione di altri apparecchi di sollevamento e movimentazione,28.22.09,Fabbricazione di altre macchine e apparecchi di sollevamento e movimentazione
1225,TOPJET SPA,01972520363,,28.29.3,"Fabbricazione di macchine per la dosatura, la confezione e per l'imballaggio",28.29.3,"Fabbricazione di macchine automatiche per la dosatura, la confezione e per l'imballaggio (incluse parti e accessori)"
1240,CLARI  ROBERTA,01925181206,,46.50.2,Commercio all'ingrosso di apparecchiature per telecomunicazioni,46.52.09,Commercio all'ingrosso di altre apparecchiature elettroniche per telecomunicazioni e di altri componenti elettronici
1249,BETTATI ANTINCENDIO SRL,01979170352,,43.22.03,Installazione di impianti di spegnimento di incendi,43.22.03,Installazione di impianti di spegnimento antincendio (inclusi quelli integrati e la manutenzione e riparazione)
1272,UNIVERSAL PACK SRL,02209430400,,28.29.3,"Fabbricazione di macchine per la dosatura, la confezione e per l'imballaggio",28.29.3,"Fabbricazione di macchine automatiche per la dosatura, la confezione e per l'imballaggio (incluse parti e accessori)"
1278,G.S. ELETTROFORN. DI SAB,01175700432,,46.47.3,"Commercio all'ingrosso di articoli per l'illuminazione per la casa, l'ufficio e i negozi",46.47.3,Commercio all'ingrosso di articoli per l'illuminazione; materiale elettrico vario per uso domestico
1289,MEBER  SRL,01360420366,,28.42,Fabbricazione di altre macchine utensili,28.49,Fabbricazione di altre macchine utensili
1315,TECNOSERVICE SNC,02841630367,,27.12,Fabbricazione di apparecchiature per la distribuzione e il controllo dell'elettricità,27.12,Fabbricazione di apparecchiature per le reti di distribuzione e il controllo dell'elettricità
1319,VN SYSTEM  SAS,02238910414,,27.12,Fabbricazione di apparecchiature per la distribuzione e il controllo dell'elettricità,27.12,Fabbricazione di apparecchiature per le reti di distribuzione e il controllo dell'elettricità
1323,M.D.L.  ENGINEERING  SRL,03004831206,,28.41,Fabbricazione di macchine per la deformazione dei metalli e di altre macchine utensili per la lavorazione dei metalli,28.41,Fabbricazione di macchine utensili per la formatura dei metalli
1332,BERGAMI PACKAGING SOLUTI,03421871207,,28.29.3,"Fabbricazione di macchine per la dosatura, la confezione e per l'imballaggio",28.29.3,"Fabbricazione di macchine automatiche per la dosatura, la confezione e per l'imballaggio (incluse parti e accessori)"
1335,SELIN PROJECTS SRL,01629731207,,26.51.29,Fabbricazione di altri strumenti e apparecchi di misurazione e prova n.c.a.,26.51.29,"Fabbricazione di altri apparecchi di misura e regolazione, strumenti da disegno, di contatori di elettricità, gas, acqua ed altri liquidi, di bilance analitiche di precisione (incluse parti staccate ed accessori)"
1343,MEC 2000 SRL,01619441205,,27.90.09,Fabbricazione di altre apparecchiature elettriche n.c.a.,27.90.09,Fabbricazione di altre apparecchiature elettriche n.c.a.
1346,CURTI COST.MECCANICHE SP,00081590390,,28.29.3,"Fabbricazione di macchine per la dosatura, la confezione e per l'imballaggio",28.29.3,"Fabbricazione di macchine automatiche per la dosatura, la confezione e per l'imballaggio (incluse parti e accessori)"
1348,BNB  SRL,03237220367,,28.94.1,Fabbricazione di macchine tessili,28.94.1,"Fabbricazione di macchine tessili, di macchine e di impianti per il trattamento ausiliario dei tessili, di macchine per cucire e per maglieria (incluse parti e accessori)"
1377,N.S. SISTEMI & SERVIZI S,02782780361,,28.99.99,Fabbricazione di tutte le altre macchine varie per impieghi speciali n.c.a.,28.99.99,Fabbricazione di altre macchine ed attrezzature per impieghi speciali n.c.a. (incluse parti e accessori)
1382,QUBIEMME TECNOLOGIE SRL,02440020358,,27,Fabbricazione di apparecchiature elettriche,27,FABBRICAZIONE DI APPARECCHIATURE ELETTRICHE ED APPARECCHIATURE PER USO DOMESTICO NON ELETTRICHE
1389,STETON SRL,03461610366,,28.4,Fabbricazione di macchine per la deformazione dei metalli e di altre macchine utensili,28.4,FABBRICAZIONE DI MACCHINE PER LA FORMATURA DEI METALLI E DI ALTRE MACCHINE UTENSILI
1409,GUERRA ROMANO  & C. SNC,01553221209,,25.4,Fucinatura e formatura dei metalli e metallurgia delle polveri,25.5,"FUCINATURA, IMBUTITURA, STAMPAGGIO E PROFILATURA DEI METALLI; METALLURGIA DELLE POLVERI"
1421,BERMA MACCHINE SRL (a so,00834321200,,28.99.99,Fabbricazione di tutte le altre macchine varie per impieghi speciali n.c.a.,28.99.99,Fabbricazione di altre macchine ed attrezzature per impieghi speciali n.c.a. (incluse parti e accessori)
1422,COMER  SRL,04088760378,,46.64.99,Commercio all'ingrosso di altri macchinari e attrezzature varie n.c.a.,46.69.99,"Commercio all'ingrosso di altre macchine ed attrezzature per l'industria, il commercio e la navigazione n.c.a."
1423,IACEC SNC,02091030391,,43.21.01,Installazione di impianti di illuminazione e fotovoltaici in edifici,43.21.01,Installazione di impianti elettrici in edifici o in altre opere di costruzione (inclusa manutenzione e riparazione)
1436,BMC SRL,03049571205,,27.12,Fabbricazione di apparecchiature per la distribuzione e il controllo dell'elettricità,27.12,Fabbricazione di apparecchiature per le reti di distribuzione e il controllo dell'elettricità
1438,HOBBY GARDEN PETUCCO SRL,02408900351,,47.52.4,Commercio al dettaglio di attrezzature per il giardinaggio e la paesaggistica,47.52.4,"Commercio al dettaglio di macchine, attrezzature e prodotti per l'agricoltura; macchine e attrezzature per il giardinaggio"
1443,F.LLI RINALDI SRL,00344630363,,28.42,Fabbricazione di altre macchine utensili,28.49,Fabbricazione di altre macchine utensili
1447,OBER SPA,00513531202,,28.24,Fabbricazione di utensili portatili a motore,28.24,Fabbricazione di utensili portatili a motore
1463,RIGHI ELETTROSERVIZI SPA,03252650407,,43.21.01,Installazione di impianti di illuminazione e fotovoltaici in edifici,43.21.01,Installazione di impianti elettrici in edifici o in altre opere di costruzione (inclusa manutenzione e riparazione)
1465,AIR POWER GROUP SRL,01906390354,,28.99.99,Fabbricazione di tutte le altre macchine varie per impieghi speciali n.c.a.,28.99.99,Fabbricazione di altre macchine ed attrezzature per impieghi speciali n.c.a. (incluse parti e accessori)
1467,V2 ENGINEERING  SRL,00688101203,,28.29.3,"Fabbricazione di macchine per la dosatura, la confezione e per l'imballaggio",28.29.3,"Fabbricazione di macchine automatiche per la dosatura, la confezione e per l'imballaggio (incluse parti e accessori)"
1476,LB OFF.MECCANICHE SPA,00218570364,,28.99.99,Fabbricazione di tutte le altre macchine varie per impieghi speciali n.c.a.,28.99.99,Fabbricazione di altre macchine ed attrezzature per impieghi speciali n.c.a. (incluse parti e accessori)
1483,KAERCHER FLOOR CARE SRL,00265160358,,28.29.41,"Fabbricazione di macchine per la pulizia di pavimenti, superfici e ambienti per uso non domestico",28.29.92,Fabbricazione di macchine per la pulizia (incluse le lavastoviglie) per uso non domestico
1484,IMAS AEROMECCANICA SRL -,00677141202,,28.29.91,Fabbricazione di apparecchi per depurare e filtrare liquidi,28.29.91,Fabbricazione di apparecchi per depurare e filtrare liquidi e gas per uso non domestico
1490,BRIGHI TECNOLOGIE ITALIA,01796910402,,28.94.1,Fabbricazione di macchine tessili,28.94.1,"Fabbricazione di macchine tessili, di macchine e di impianti per il trattamento ausiliario dei tessili, di macchine per cucire e per maglieria (incluse parti e accessori)"
1503,NUOVA ALCE SRL,02288730357,,28.9,Fabbricazione di altre macchine per impieghi speciali,28.9,FABBRICAZIONE DI ALTRE MACCHINE PER IMPIEGHI SPECIALI
1507,ERREBI  SRL,02253741207,,28.29.3,"Fabbricazione di macchine per la dosatura, la confezione e per l'imballaggio",28.29.3,"Fabbricazione di macchine automatiche per la dosatura, la confezione e per l'imballaggio (incluse parti e accessori)"
1516,ALESSANDRO GARBIN SRL,03650730371,,46.17.07,Attività di intermediari del commercio all'ingrosso di altri prodotti alimentari e tabacchi,46.17.07,Agenti e rappresentanti di altri prodotti alimentari (incluse le uova e gli alimenti per gli animali domestici); tabacco
1522,UPB  SRL,01650391202,,28.29.3,"Fabbricazione di macchine per la dosatura, la confezione e per l'imballaggio",28.29.3,"Fabbricazione di macchine automatiche per la dosatura, la confezione e per l'imballaggio (incluse parti e accessori)"
1555,FOR.PLAST SAS,01674351208,,33.12.99,Riparazione e manutenzione di altre macchine per impieghi speciali n.c.a.,33.12.99,Riparazione e manutenzione di altre macchine per impieghi speciali n.c.a. (incluse le macchine utensili)
1568,CO.FIN ELETTRONICA SRL,01202140354,,33.20.03,Installazione di strumenti e apparecchi di misurazione e controllo,33.20.03,"Installazione di strumenti ed apparecchi di misurazione, controllo, prova, navigazione e simili (incluse le apparecchiature di controllo dei processi industriali)"
1586,G.F.T.  AUTOMAZIONI  SRL,02703880365,,28.29.3,"Fabbricazione di macchine per la dosatura, la confezione e per l'imballaggio",28.29.3,"Fabbricazione di macchine automatiche per la dosatura, la confezione e per l'imballaggio (incluse parti e accessori)"
1597,S.I.A. DI ANGELO PANARES,01654091204,,62.1,Attività di programmazione informatica,62.01,Produzione di software non connesso all'edizione
1607,IM.VA  SRL,02568040360,,25.12.1,"Fabbricazione di porte, finestre e loro telai, imposte e cancelli in metallo",25.12.1,"Fabbricazione di porte, finestre e loro telai, imposte e cancelli metallici"
1612,ANGELO PO GRANDI CUCINE,01932240367,,28.93,"Fabbricazione di macchine per l'industria alimentare, delle bevande e del tabacco",28.93,"Fabbricazione di macchine per l'industria alimentare, delle bevande e del tabacco"
1637,I.C.M. SRL,00901650390,,28.22.09,Fabbricazione di altri apparecchi di sollevamento e movimentazione,28.22.09,Fabbricazione di altre macchine e apparecchi di sollevamento e movimentazione
1651,C.N.S. SRL,01191560398,,46.6,"Commercio all'ingrosso di altri macchinari, attrezzature e forniture",46.6,"COMMERCIO ALL'INGROSSO DI ALTRI MACCHINARI, ATTREZZATURE E FORNITURE"
1652,GRUPPO FABBRI VIGNOLA  S,07222950961,,22.26.99,Fabbricazione di altri prodotti vari in materie plastiche n.c.a.,22.29.09,Fabbricazione di altri articoli in materie plastiche n.c.a.
1657,ELETTRICA 3M SNC DI BARB,03045330366,,43.21.01,Installazione di impianti di illuminazione e fotovoltaici in edifici,43.21.01,Installazione di impianti elettrici in edifici o in altre opere di costruzione (inclusa manutenzione e riparazione)
1660,SAIEM SRL,03283820367,,27.12,Fabbricazione di apparecchiature per la distribuzione e il controllo dell'elettricità,27.12,Fabbricazione di apparecchiature per le reti di distribuzione e il controllo dell'elettricità
1665,ALFREDO COLI  SRL,04495580401,,28.94.1,Fabbricazione di macchine tessili,28.94.1,"Fabbricazione di macchine tessili, di macchine e di impianti per il trattamento ausiliario dei tessili, di macchine per cucire e per maglieria (incluse parti e accessori)"
1667,CASA DEL SEDILE SNC,00416960367,,29.32,Fabbricazione di altre parti e accessori per autoveicoli,29.32,Fabbricazione di altre parti ed accessori per autoveicoli
1670,I.E.M.A. SRL,01673831200,,28.29.3,"Fabbricazione di macchine per la dosatura, la confezione e per l'imballaggio",28.29.3,"Fabbricazione di macchine automatiche per la dosatura, la confezione e per l'imballaggio (incluse parti e accessori)"
1690,ELETTRONICA BAZZANESE SR,00559721204,,26.12,Fabbricazione di schede elettroniche integrate,26.12,Fabbricazione di schede elettroniche assemblate
1691,WATTS INDUSTRIES ITALIA,01742290214,,28.14,Fabbricazione di altri rubinetti e valvole,28.14,Fabbricazione di altri rubinetti e valvole
1707,A&A ELETTROMECCANICA S.A,01549261202,,27.90.09,Fabbricazione di altre apparecchiature elettriche n.c.a.,27.90.09,Fabbricazione di altre apparecchiature elettriche n.c.a.
1712,CEM SERVICE SRL,02204231209,,33.20.01,"Installazione di motori, generatori e trasformatori elettrici e di apparecchiature per la distribuzione e il controllo della elettricità",43.21.01,Installazione di impianti elettrici in edifici o in altre opere di costruzione (inclusa manutenzione e riparazione)
1715,DICO GROUP SRL,00664291200,,28.29.3,"Fabbricazione di macchine per la dosatura, la confezione e per l'imballaggio",28.29.3,"Fabbricazione di macchine automatiche per la dosatura, la confezione e per l'imballaggio (incluse parti e accessori)"
1717,COMECER  SPA,02404790392,,28.99.99,Fabbricazione di tutte le altre macchine varie per impieghi speciali n.c.a.,28.99.99,Fabbricazione di altre macchine ed attrezzature per impieghi speciali n.c.a. (incluse parti e accessori)
1722,URBINATI  SRL,02572960405,,28.30.99,Fabbricazione di altre macchine per l'agricoltura e la silvicoltura n.c.a.,28.30.9,"Fabbricazione di altre macchine per l'agricoltura, la silvicoltura e la zootecnia"
1726,TECNO SYSTEM SRL,01329510380,,28.96,Fabbricazione di macchine per l'industria delle materie plastiche e della gomma,28.96,Fabbricazione di macchine per l'industria delle materie plastiche e della gomma (incluse parti e accessori)
1742,AB TRASMISSIONI SRL,01600210387,,28.15,"Fabbricazione di cuscinetti, ingranaggi e organi di trasmissione",28.15.1,"Fabbricazione di organi di trasmissione (esclusi quelli idraulici e quelli per autoveicoli, aeromobili e motocicli)"
1754,AMZ SRL,02898760364,,33.20.09,Installazione di altre macchine e apparecchiature industriali,33.20.09,Installazione di altre macchine ed apparecchiature industriali
1793,TECHNO-B  SRL,06597960969,,28.25,Fabbricazione di apparecchiature di climatizzazione per uso non domestico,28.25,Fabbricazione di attrezzature di uso non domestico per la refrigerazione e la ventilazione
1806,SIGER SRL,00680961208,,27.90.09,Fabbricazione di altre apparecchiature elettriche n.c.a.,27.90.09,Fabbricazione di altre apparecchiature elettriche n.c.a.
1841,M.L.A. SRL,03169440363,,28.41,Fabbricazione di macchine per la deformazione dei metalli e di altre macchine utensili per la lavorazione dei metalli,28.41,Fabbricazione di macchine utensili per la formatura dei metalli
1859,A UNO TEC SRL,03024020368,,28.42,Fabbricazione di altre macchine utensili,28.49.09,Fabbricazione di altre macchine utensili (incluse parti e accessori) n.c.a.
1866,ELISAM SRL,03890810405,,28.30.9,Fabbricazione di altre macchine per l'agricoltura e la silvicoltura,28.30.9,"Fabbricazione di altre macchine per l'agricoltura, la silvicoltura e la zootecnia"
1871,SACMS   SPA,SM00445,,,,,
1872,GRAMIGNA SRL,00509671202,,77.32,Noleggio e leasing operativo di macchine e attrezzature per lavori edili e di ingegneria civile,77.32,Noleggio di macchine e attrezzature per lavori edili e di genio civile
1874,DYASET SRL,01380990380,,46.46.39,Commercio all'ingrosso di prodotti medicali e ortopedici n.c.a.,46.46.3,Commercio all'ingrosso di articoli medicali ed ortopedici
1877,AUTOMAZIONE POLVERI E GR,03119441206,,28.29.3,"Fabbricazione di macchine per la dosatura, la confezione e per l'imballaggio",28.29.3,"Fabbricazione di macchine automatiche per la dosatura, la confezione e per l'imballaggio (incluse parti e accessori)"
1881,PICOTRONIK  S.R.L.,02820090369,,33.20.03,Installazione di strumenti e apparecchi di misurazione e controllo,33.20.03,"Installazione di strumenti ed apparecchi di misurazione, controllo, prova, navigazione e simili (incluse le apparecchiature di controllo dei processi industriali)"
1888,U.P.M. PRODUZIONE SRL,02919171203,,33.20.09,Installazione di altre macchine e apparecchiature industriali,33.20.09,Installazione di altre macchine ed apparecchiature industriali
1900,P.M.CO. SRL,03962760371,,82.3,Organizzazione di convegni e fiere,82.3,ORGANIZZAZIONE DI CONVEGNI E FIERE
1919,EL.M.I.  SRL,03583871201,,33.13.09,Riparazione e manutenzione di altre apparecchiature elettroniche e ottiche,33.13.09,Riparazione e manutenzione di altre apparecchiature elettroniche (escluse quelle per le telecomunicazioni ed i computer)
1930,C&C GROUP  SRL,03434700401,,28.29.3,"Fabbricazione di macchine per la dosatura, la confezione e per l'imballaggio",28.29.3,"Fabbricazione di macchine automatiche per la dosatura, la confezione e per l'imballaggio (incluse parti e accessori)"
1958,TOPPY SRL,00550761209,,28.22.09,Fabbricazione di altri apparecchi di sollevamento e movimentazione,46.69.99,"Commercio all'ingrosso di altre macchine ed attrezzature per l'industria, il commercio e la navigazione n.c.a."
1961,MESSERSI' SPA,02240770426,,28.92,"Fabbricazione di macchine da miniera, cava e cantiere",28.92.09,"Fabbricazione di altre macchine da miniera, cava e cantiere (incluse parti e accessori)"
1971,PROTEO ENGINEERING SRL,02355570363,,43.21.01,Installazione di impianti di illuminazione e fotovoltaici in edifici,43.21.01,Installazione di impianti elettrici in edifici o in altre opere di costruzione (inclusa manutenzione e riparazione)
1975,CECCHINI SERVICE SRL,01919361202,,27.33,Fabbricazione di attrezzature per cablaggio,27.33,Fabbricazione di attrezzature per cablaggio
1977,ELETTRO QUALITY & C. SAS,02284960362,,33.20.01,"Installazione di motori, generatori e trasformatori elettrici e di apparecchiature per la distribuzione e il controllo della elettricità",33.20.01,"Installazione di motori, generatori e trasformatori elettrici; di apparecchiature per la distribuzione e il controllo dell'elettricità (esclusa l'installazione all'interno degli edifici)"
1983,PROTERM  SRL,00505861203,,25.52,Trattamento termico dei metalli,25.61,Trattamento e rivestimento dei metalli
1984,TEL.SI SRL,01814490361,,27,Fabbricazione di apparecchiature elettriche,27,FABBRICAZIONE DI APPARECCHIATURE ELETTRICHE ED APPARECCHIATURE PER USO DOMESTICO NON ELETTRICHE
1986,TEA SPA,SM05874,,,,,
2002,TORACCHIO SAS,01513570695,,46.64.99,Commercio all'ingrosso di altri macchinari e attrezzature varie n.c.a.,46.69.99,"Commercio all'ingrosso di altre macchine ed attrezzature per l'industria, il commercio e la navigazione n.c.a."
2006,ORTECO SRL,00607651205,,46.64.99,Commercio all'ingrosso di altri macchinari e attrezzature varie n.c.a.,46.69.99,"Commercio all'ingrosso di altre macchine ed attrezzature per l'industria, il commercio e la navigazione n.c.a."
2040,ALBERTO  SASSI  SPA,01994221206,,28.22.09,Fabbricazione di altri apparecchi di sollevamento e movimentazione,28.22.02,"Fabbricazione di gru, argani, verricelli a mano e a motore, carrelli trasbordatori, carrelli elevatori e piattaforme girevoli"
2060,LAMP SAN PROSPERO SPA-IN,03423080369,,21.1,Fabbricazione di prodotti farmaceutici di base,21.1,FABBRICAZIONE DI PRODOTTI FARMACEUTICI DI BASE
2063,ERREVI AUTOMATION  SRL,02133320362,,28.99.2,Fabbricazione di robot industriali con compiti multipli per scopi speciali,28.99.2,Fabbricazione di robot industriali per usi molteplici (incluse parti e accessori)
2075,CM CASADEI SAS,02210070401,,28,Fabbricazione di macchinari e apparecchiature n.c.a.,28,FABBRICAZIONE DI MACCHINARI ED APPARECCHIATURE N.C.A.
2081,TE.CO.TECNOLOGIA COMM.LE,01636081208,,46.64.2,Commercio all'ingrosso di materiale elettrico per impianti industriali,46.69.2,Commercio all'ingrosso di materiale elettrico per impianti di uso industriale
2099,G.e P. ELETTROMECCANICA,00584671200,,28.94.1,Fabbricazione di macchine tessili,28.94.1,"Fabbricazione di macchine tessili, di macchine e di impianti per il trattamento ausiliario dei tessili, di macchine per cucire e per maglieria (incluse parti e accessori)"
2112,ROSSI S.R.L.,02419170366,,28.94.2,Fabbricazione di macchine per la lavorazione delle pelli e del cuoio,28.94.2,"Fabbricazione di macchine e apparecchi per l'industria delle pelli, del cuoio e delle calzature (incluse parti e accessori)"
2122,HYDRECO HYDRAULICS ITALI,00797180361,,28.12,Fabbricazione di apparecchiature fluidodinamiche,28.12,Fabbricazione di apparecchiature fluidodinamiche
2130,PESCAVI S.R.L.,01205840687,,29.31,Fabbricazione di apparecchiature elettriche ed elettroniche per autoveicoli,29.31,Fabbricazione di apparecchiature elettriche ed elettroniche per autoveicoli e loro motori
2137,MILLTEX SPA,00753740349,,28.95,Fabbricazione di macchine per l'industria della carta e del cartone,28.95,Fabbricazione di macchine per l'industria della carta e del cartone (incluse parti e accessori)
2149,GRAF  INDUSTRIES  SPA,02224770368,,28.99.2,Fabbricazione di robot industriali con compiti multipli per scopi speciali,28.99.2,Fabbricazione di robot industriali per usi molteplici (incluse parti e accessori)
2158,PLASTOD SPA,00497271205,,21.20.09,Fabbricazione di medicinali e altri preparati farmaceutici,21.20.09,Fabbricazione di medicinali ed altri preparati farmaceutici
2160,REPA ITALIA SRL  A SOCIO,00958880403,,46.9,Commercio all'ingrosso non specializzato,46.9,COMMERCIO ALL'INGROSSO NON SPECIALIZZATO
2161,C.F. SYSTEM SRL,01800930362,,28.22,Fabbricazione di apparecchi di sollevamento e movimentazione,28.22,Fabbricazione di macchine e apparecchi di sollevamento e movimentazione
2191,BEVINI SRL,01780300362,,28.22,Fabbricazione di apparecchi di sollevamento e movimentazione,28.22,Fabbricazione di macchine e apparecchi di sollevamento e movimentazione
2198,COMUR SRL,00576931208,,28.4,Fabbricazione di macchine per la deformazione dei metalli e di altre macchine utensili,28.4,FABBRICAZIONE DI MACCHINE PER LA FORMATURA DEI METALLI E DI ALTRE MACCHINE UTENSILI
2208,FARMO RES SRL,00949390397,,28.29.3,"Fabbricazione di macchine per la dosatura, la confezione e per l'imballaggio",28.29.3,"Fabbricazione di macchine automatiche per la dosatura, la confezione e per l'imballaggio (incluse parti e accessori)"
2223,DIASTECA SRL,02127590368,,33.20.09,Installazione di altre macchine e apparecchiature industriali,33.20.02,"Installazione di apparecchi elettrici ed elettronici per telecomunicazioni, di apparecchi trasmittenti radiotelevisivi, di impianti di apparecchiature elettriche ed elettroniche (esclusa l'installazione all'interno degli edifici)"
2231,EUROZAPPA SPA,00551411200,,25.4,Fucinatura e formatura dei metalli e metallurgia delle polveri,25.5,"FUCINATURA, IMBUTITURA, STAMPAGGIO E PROFILATURA DEI METALLI; METALLURGIA DELLE POLVERI"
2237,GIMAT SRL,00518241203,,28.22.09,Fabbricazione di altri apparecchi di sollevamento e movimentazione,28.22.09,Fabbricazione di altre macchine e apparecchi di sollevamento e movimentazione
2247,F.O.M. INDUSTRIE SRL,00938200409,,28.41,Fabbricazione di macchine per la deformazione dei metalli e di altre macchine utensili per la lavorazione dei metalli,28.41,Fabbricazione di macchine utensili per la formatura dei metalli
2251,CIFO SRL  SOCIETA'  PERS,00551551203,,20.15,Fabbricazione di fertilizzanti e composti azotati,20.15,Fabbricazione di fertilizzanti e composti azotati
2253,ACD INDUSTRIES SRL,00630881209,,28.14,Fabbricazione di altri rubinetti e valvole,28.14,Fabbricazione di altri rubinetti e valvole
2268,AMA  INDUSTRIAL DI OLIVE,03247551207,,46.64.99,Commercio all'ingrosso di altri macchinari e attrezzature varie n.c.a.,46.69.99,"Commercio all'ingrosso di altre macchine ed attrezzature per l'industria, il commercio e la navigazione n.c.a."
2309,GALLETTI SPA,00605791201,,28.25,Fabbricazione di apparecchiature di climatizzazione per uso non domestico,28.25,Fabbricazione di attrezzature di uso non domestico per la refrigerazione e la ventilazione
2325,TINARELLI SRL,00670511203,,28.29.3,"Fabbricazione di macchine per la dosatura, la confezione e per l'imballaggio",28.29.3,"Fabbricazione di macchine automatiche per la dosatura, la confezione e per l'imballaggio (incluse parti e accessori)"
2329,DESTATIC SAS,01933471201,,27.90.09,Fabbricazione di altre apparecchiature elettriche n.c.a.,27.90.09,Fabbricazione di altre apparecchiature elettriche n.c.a.
2330,TEKNE SPA,01992140697,,27,Fabbricazione di apparecchiature elettriche,27,FABBRICAZIONE DI APPARECCHIATURE ELETTRICHE ED APPARECCHIATURE PER USO DOMESTICO NON ELETTRICHE
2340,MASMEC SPA,03805970724,,28.99.2,Fabbricazione di robot industriali con compiti multipli per scopi speciali,28.99.2,Fabbricazione di robot industriali per usi molteplici (incluse parti e accessori)
2354,GEM S.R.L.,00612990390,,33.20.02,Installazione di apparecchiature per le comunicazioni e di apparecchiature radiotelevisive,33.20.02,"Installazione di apparecchi elettrici ed elettronici per telecomunicazioni, di apparecchi trasmittenti radiotelevisivi, di impianti di apparecchiature elettriche ed elettroniche (esclusa l'installazione all'interno degli edifici)"
2369,TECNOMEC BORGHI SRL,02735790368,,25.53,Lavori di meccanica generale dei metalli,25.62,Lavori di meccanica generale
2389,TMA SRL,01741330367,,28.22,Fabbricazione di apparecchi di sollevamento e movimentazione,28.22,Fabbricazione di macchine e apparecchi di sollevamento e movimentazione
2404,BETT SISTEMI SRL,02262780360,,22.2,Fabbricazione di prodotti in materie plastiche,22.2,FABBRICAZIONE DI ARTICOLI IN MATERIE PLASTICHE
2409,ITALMICRO SRL,00692711203,,17.21,"Fabbricazione di carta, cartone ondulato e di imballaggi di carta e cartone",17.21,Fabbricazione di carta e cartone ondulato e di imballaggi di carta e cartone
2417,PROGETTO QUADRO  SRL,03623920406,,27.90.09,Fabbricazione di altre apparecchiature elettriche n.c.a.,27.90.09,Fabbricazione di altre apparecchiature elettriche n.c.a.
2428,PULSAR INDUSTRY  SRL,02232590360,,28.93,"Fabbricazione di macchine per l'industria alimentare, delle bevande e del tabacco",28.93,"Fabbricazione di macchine per l'industria alimentare, delle bevande e del tabacco"
2431,LOMAR AUTOMAZIONI SRL,01903201208,,33.20.02,Installazione di apparecchiature per le comunicazioni e di apparecchiature radiotelevisive,33.20.02,"Installazione di apparecchi elettrici ed elettronici per telecomunicazioni, di apparecchi trasmittenti radiotelevisivi, di impianti di apparecchiature elettriche ed elettroniche (esclusa l'installazione all'interno degli edifici)"
2446,LANZI SNC,00631391208,,28.4,Fabbricazione di macchine per la deformazione dei metalli e di altre macchine utensili,28.4,FABBRICAZIONE DI MACCHINE PER LA FORMATURA DEI METALLI E DI ALTRE MACCHINE UTENSILI
2447,MONOLAB SRL,02307500369,,28.29.3,"Fabbricazione di macchine per la dosatura, la confezione e per l'imballaggio",28.29.3,"Fabbricazione di macchine automatiche per la dosatura, la confezione e per l'imballaggio (incluse parti e accessori)"
2451,CONSERVE ITALIA SOC.COOP,00708311204,,10.3,Lavorazione e conservazione di frutta e ortaggi,10.3,LAVORAZIONE E CONSERVAZIONE DI FRUTTA E ORTAGGI
2468,LAGOS SRL,03630451205,,22.12,Fabbricazione di altri prodotti in gomma,22.19.09,Fabbricazione di altri prodotti in gomma n.c.a.
2469,MICROLINE SRL,02023401207,,28.29.3,"Fabbricazione di macchine per la dosatura, la confezione e per l'imballaggio",28.29.3,"Fabbricazione di macchine automatiche per la dosatura, la confezione e per l'imballaggio (incluse parti e accessori)"
2472,MONTANARI GIULIO & C. SR,01047170368,,28.22.01,"Fabbricazione di ascensori, scale mobili e tappeti mobili",28.22.01,"Fabbricazione di ascensori, montacarichi e scale mobili"
2490,NUOVA SIPLA SAS DI GUALA,01611370402,,28.93,"Fabbricazione di macchine per l'industria alimentare, delle bevande e del tabacco",28.93,"Fabbricazione di macchine per l'industria alimentare, delle bevande e del tabacco"
2505,FABIO LEONARDI SRL,02703071205,,27.51,Fabbricazione di elettrodomestici,27.51,Fabbricazione di elettrodomestici
2512,IMP.EL  SRL,01945521209,,27.33,Fabbricazione di attrezzature per cablaggio,27.33,Fabbricazione di attrezzature per cablaggio
2520,COSMOPACK SRL,02504930369,,28.29.3,"Fabbricazione di macchine per la dosatura, la confezione e per l'imballaggio",28.29.3,"Fabbricazione di macchine automatiche per la dosatura, la confezione e per l'imballaggio (incluse parti e accessori)"
2527,G.F. GORDINI  SRL - SOC.,00953590395,,28.92,"Fabbricazione di macchine da miniera, cava e cantiere",28.3,FABBRICAZIONE DI MACCHINE PER L'AGRICOLTURA E LA SILVICOLTURA
2540,MICRONICA SRL,02045831209,,35.1,"Produzione, trasmissione e distribuzione di energia elettrica",35.11,Produzione di energia elettrica
2549,C.E.L. CABLAGGI SRL - A,01595161207,,27.32,Fabbricazione di altri fili e cavi elettronici ed elettrici,27.32,Fabbricazione di altri fili e cavi elettrici ed elettronici
2564,BONATO & VERONESI  SRL,00513151209,,27.11,"Fabbricazione di motori, generatori e trasformatori elettrici",27.11,"Fabbricazione di motori, generatori e trasformatori elettrici"
2569,BUSINARO SRL,04231390370,,28.42,Fabbricazione di altre macchine utensili,28.49,Fabbricazione di altre macchine utensili
2572,MARCHESINI SNC,02438440378,,33.12.3,Riparazione e manutenzione di apparecchi di sollevamento e movimentazione,33.12.3,Riparazione e manutenzione di macchine e apparecchi di sollevamento e movimentazione (esclusi ascensori)
2574,TEM ELECTRIC MOTORS SRL,01978390357,,27.11,"Fabbricazione di motori, generatori e trasformatori elettrici",27.11,"Fabbricazione di motori, generatori e trasformatori elettrici"
2590,H.P.E. SRL,02090291200,,28.95,Fabbricazione di macchine per l'industria della carta e del cartone,28.95,Fabbricazione di macchine per l'industria della carta e del cartone (incluse parti e accessori)
2599,E.M.C. SRL,02095631202,,28.42,Fabbricazione di altre macchine utensili,28.49.09,Fabbricazione di altre macchine utensili (incluse parti e accessori) n.c.a.
2606,GUSEO SRL,00310330337,,28.29.9,Fabbricazione di altre macchine varie di impiego generale,28.29.9,Fabbricazione di macchine di impiego generale ed altro materiale meccanico n.c.a.
2608,GALILEO ENGINEERING SRL,01799760358,,72.10.29,Ricerca e sviluppo sperimentale nel campo delle altre scienze naturali e dell'ingegneria n.c.a.,72.19.09,Ricerca e sviluppo sperimentale nel campo delle altre scienze naturali e dell'ingegneria
2625,ELECTRA SPA,SM04837,,,,,
2629,POPPI FRANCO  SRL,00562271205,,25.94,Fabbricazione di articoli di bulloneria,25.94,Fabbricazione di articoli di bulloneria
2673,GF AUTOMAZIONI SRL,02129311201,,28.29.99,Fabbricazione di altre macchine varie di impiego generale n.c.a.,28.29.99,Fabbricazione di altro materiale meccanico e di altre macchine di impiego generale n.c.a.
2689,BIAGINI SRL       - UNIP,02700501204,,28.41,Fabbricazione di macchine per la deformazione dei metalli e di altre macchine utensili per la lavorazione dei metalli,28.41,Fabbricazione di macchine utensili per la formatura dei metalli
2712,DUMEK SRL   A SOCIO UNIC,00549391209,,28.29.3,"Fabbricazione di macchine per la dosatura, la confezione e per l'imballaggio",28.29.3,"Fabbricazione di macchine automatiche per la dosatura, la confezione e per l'imballaggio (incluse parti e accessori)"
2717,MP3 SRL,03499581209,,22.21,"Fabbricazione di lastre, fogli, tubi e profilati in materie plastiche",22.21,"Fabbricazione di lastre, fogli, tubi e profilati in materie plastiche"
2733,ANNOVI REVERBERI SPA,02207040367,,28.13,Fabbricazione di altre pompe e compressori,28.13,Fabbricazione di altre pompe e compressori
2734,TECNO 2000 AUTOMAZIONI S,02435780362,,33.20.03,Installazione di strumenti e apparecchi di misurazione e controllo,33.20.03,"Installazione di strumenti ed apparecchi di misurazione, controllo, prova, navigazione e simili (incluse le apparecchiature di controllo dei processi industriali)"
2757,SITEP SRL,01526140387,,28.25,Fabbricazione di apparecchiature di climatizzazione per uso non domestico,28.25,Fabbricazione di attrezzature di uso non domestico per la refrigerazione e la ventilazione
2763,EMANUEL SRL,00587851205,,28.22,Fabbricazione di apparecchi di sollevamento e movimentazione,28.22,Fabbricazione di macchine e apparecchi di sollevamento e movimentazione
2781,CREI SRL,00647501204,,27.90.09,Fabbricazione di altre apparecchiature elettriche n.c.a.,27.90.09,Fabbricazione di altre apparecchiature elettriche n.c.a.
2810,SALVARANI SRL,01592070351,,28.30.9,Fabbricazione di altre macchine per l'agricoltura e la silvicoltura,28.30.9,"Fabbricazione di altre macchine per l'agricoltura, la silvicoltura e la zootecnia"
2835,ELFI  SPA  (30),02698210404,,46.47.3,"Commercio all'ingrosso di articoli per l'illuminazione per la casa, l'ufficio e i negozi",46.47.3,Commercio all'ingrosso di articoli per l'illuminazione; materiale elettrico vario per uso domestico
2849,MIELE SPA,01370740514,,28.29.3,"Fabbricazione di macchine per la dosatura, la confezione e per l'imballaggio",28.29.3,"Fabbricazione di macchine automatiche per la dosatura, la confezione e per l'imballaggio (incluse parti e accessori)"
2852,MF GROUP SRL,02574090276,,26.11,Fabbricazione di componenti elettronici,26.11.09,Fabbricazione di altri componenti elettronici
2857,CARPANO EQUIPMENT SRL,04130740378,,28.41,Fabbricazione di macchine per la deformazione dei metalli e di altre macchine utensili per la lavorazione dei metalli,28.41,Fabbricazione di macchine utensili per la formatura dei metalli
2871,EUROCONNECTION SRL,09250050011,,27.3,Fabbricazione di cablaggi e attrezzature per cablaggio,27.3,FABBRICAZIONE DI CABLAGGI E APPARECCHIATURE DI CABLAGGIO
2875,SCOVA IMPIANTI SRL,02494490366,,43.22.04,Installazione di impianti di irrigazione per giardini,43.22.05,Installazione di impianti di irrigazione per giardini (inclusa manutenzione e riparazione)
2881,FER-HYDRAULIK SRL,02031130350,,46.61,"Commercio all'ingrosso di macchinari, attrezzature e forniture agricole",46.61,"Commercio all'ingrosso di macchinari, attrezzature e forniture agricole"
2903,GRASSELLI SPA,01218020350,,28.93,"Fabbricazione di macchine per l'industria alimentare, delle bevande e del tabacco",28.93,"Fabbricazione di macchine per l'industria alimentare, delle bevande e del tabacco"
2920,G.E.A.F.  SPA,00349270348,,27.11,"Fabbricazione di motori, generatori e trasformatori elettrici",27.11,"Fabbricazione di motori, generatori e trasformatori elettrici"
2927,JOB'S SERVICE SRL UNIPER,03665561209,,27.90.09,Fabbricazione di altre apparecchiature elettriche n.c.a.,27.90.09,Fabbricazione di altre apparecchiature elettriche n.c.a.
2937,EUROSIS SRL SOCIO UNICO,01499890380,,28.93,"Fabbricazione di macchine per l'industria alimentare, delle bevande e del tabacco",28.93,"Fabbricazione di macchine per l'industria alimentare, delle bevande e del tabacco"
2945,SYSTEM CABLE SRL,01515810354,,26.11,Fabbricazione di componenti elettronici,26.11,Fabbricazione di componenti elettronici
2950,SGE SRL,01268070396,,28.29.3,"Fabbricazione di macchine per la dosatura, la confezione e per l'imballaggio",43.21.01,Installazione di impianti elettrici in edifici o in altre opere di costruzione (inclusa manutenzione e riparazione)
2955,GENERAL COM SPA       (3,00539820357,,46.47.3,"Commercio all'ingrosso di articoli per l'illuminazione per la casa, l'ufficio e i negozi",46.47.3,Commercio all'ingrosso di articoli per l'illuminazione; materiale elettrico vario per uso domestico
2970,POMPE CASALI SRL,00523241206,,28.13,Fabbricazione di altre pompe e compressori,28.13,Fabbricazione di altre pompe e compressori
2977,IRCE SPA,00707431201,,27.32,Fabbricazione di altri fili e cavi elettronici ed elettrici,27.32,Fabbricazione di altri fili e cavi elettrici ed elettronici
2984,CABLONET SRL,02726650365,,27.33,Fabbricazione di attrezzature per cablaggio,27.33,Fabbricazione di attrezzature per cablaggio
3007,SYRTEC SERVICE SRL,02282151204,,28.29.3,"Fabbricazione di macchine per la dosatura, la confezione e per l'imballaggio",28.29.3,"Fabbricazione di macchine automatiche per la dosatura, la confezione e per l'imballaggio (incluse parti e accessori)"
3010,ELETTRO-SOFTWARE SRL,02683420364,,None,,27.12,
3013,MATTARELLI SRL,04143490375,,28.29.99,Fabbricazione di altre macchine varie di impiego generale n.c.a.,28.29.99,Fabbricazione di altro materiale meccanico e di altre macchine di impiego generale n.c.a.
3015,NUOVA ELETTRO 90 SNC,01493670358,,27.33,Fabbricazione di attrezzature per cablaggio,27.33,Fabbricazione di attrezzature per cablaggio
3034,ELETTROART SNC,00538741208,,43.21.01,Installazione di impianti di illuminazione e fotovoltaici in edifici,43.21.01,Installazione di impianti elettrici in edifici o in altre opere di costruzione (inclusa manutenzione e riparazione)
3035,SCAMA  AUTRONICA  SRL,04287960373,,46.64.99,Commercio all'ingrosso di altri macchinari e attrezzature varie n.c.a.,46.69.99,"Commercio all'ingrosso di altre macchine ed attrezzature per l'industria, il commercio e la navigazione n.c.a."
3047,DELTATECH DI FONDRIEST I,01085150405,,26.51.29,Fabbricazione di altri strumenti e apparecchi di misurazione e prova n.c.a.,26.51.29,"Fabbricazione di altri apparecchi di misura e regolazione, strumenti da disegno, di contatori di elettricità, gas, acqua ed altri liquidi, di bilance analitiche di precisione (incluse parti staccate ed accessori)"
3063,LINK GRUPPO SPA,03514650179,,46.84.1,Commercio all'ingrosso di ferramenta,46.74.1,Commercio all'ingrosso di articoli in ferro e in altri metalli (ferramenta)
3069,3D AUTOMAZIONE SRL,01618311201,,62.1,Attività di programmazione informatica,62.01,Produzione di software non connesso all'edizione
3081,CPS COMPANY SRL,02288321207,,28.29.3,"Fabbricazione di macchine per la dosatura, la confezione e per l'imballaggio",28.29.3,"Fabbricazione di macchine automatiche per la dosatura, la confezione e per l'imballaggio (incluse parti e accessori)"
3092,DELLA CASA RETI SRL a SO,02819320363,,25.93.1,Fabbricazione di prodotti fabbricati con fili metallici,25.93.1,Fabbricazione di prodotti fabbricati con fili metallici
